{
  "iceandfire:iceandfire/root": {
    "criteria": {
      "tick": "2024-06-19 18:02:04 -0500"
    },
    "done": true
  },
  "beachparty:palm_sign": {
    "criteria": {
      "has_the_recipe": "2024-06-19 18:01:33 -0500"
    },
    "done": true
  },
  "nethervinery:crimson_apple_press": {
    "criteria": {
      "has_the_recipe": "2024-06-19 18:01:33 -0500"
    },
    "done": true
  },
  "beachparty:sunglasses": {
    "criteria": {
      "has_the_recipe": "2024-06-19 18:01:33 -0500"
    },
    "done": true
  },
  "idas:idas_root": {
    "criteria": {
      "always": "2024-06-19 18:02:04 -0500"
    },
    "done": true
  },
  "beachparty:palm_pressure_plate": {
    "criteria": {
      "has_the_recipe": "2024-06-19 18:01:33 -0500"
    },
    "done": true
  },
  "nethervinery:warped_wine_rack_mid": {
    "criteria": {
      "has_the_recipe": "2024-06-19 18:01:33 -0500"
    },
    "done": true
  },
  "beachparty:bikini": {
    "criteria": {
      "has_the_recipe": "2024-06-19 18:01:33 -0500"
    },
    "done": true
  },
  "beachparty:palm_chest_boat": {
    "criteria": {
      "has_the_recipe": "2024-06-19 18:01:33 -0500"
    },
    "done": true
  },
  "nethervinery:crimson_nether_bag": {
    "criteria": {
      "has_the_recipe": "2024-06-19 18:01:33 -0500"
    },
    "done": true
  },
  "beachparty:mini_fridge": {
    "criteria": {
      "has_the_recipe": "2024-06-19 18:01:33 -0500"
    },
    "done": true
  },
  "ancient_elements:ancient_elements": {
    "criteria": {
      "ancient_elements": "2024-06-19 18:02:04 -0500"
    },
    "done": true
  },
  "nethervinery:warped_grapevine_pot": {
    "criteria": {
      "has_the_recipe": "2024-06-19 18:01:33 -0500"
    },
    "done": true
  },
  "beachparty:chair": {
    "criteria": {
      "has_the_recipe": "2024-06-19 18:01:33 -0500"
    },
    "done": true
  },
  "dungeons_arise:wda_root": {
    "criteria": {
      "WDA": "2024-06-19 18:02:04 -0500"
    },
    "done": true
  },
  "nethervinery:warped_wine_rack_small": {
    "criteria": {
      "has_the_recipe": "2024-06-19 18:01:33 -0500"
    },
    "done": true
  },
  "nethervinery:crested_crimson_planks": {
    "criteria": {
      "has_the_recipe": "2024-06-19 18:01:33 -0500"
    },
    "done": true
  },
  "beachparty:palm_beam": {
    "criteria": {
      "has_the_recipe": "2024-06-19 18:01:33 -0500"
    },
    "done": true
  },
  "beachparty:palm_door": {
    "criteria": {
      "has_the_recipe": "2024-06-19 18:01:33 -0500"
    },
    "done": true
  },
  "nethervinery:obsidian_stem": {
    "criteria": {
      "has_the_recipe": "2024-06-19 18:01:33 -0500"
    },
    "done": true
  },
  "nethervinery:warped_grape_seeds": {
    "criteria": {
      "has_the_recipe": "2024-06-19 18:01:33 -0500"
    },
    "done": true
  },
  "beachparty:beach_hat": {
    "criteria": {
      "has_the_recipe": "2024-06-19 18:01:33 -0500"
    },
    "done": true
  },
  "meadow:main/root": {
    "criteria": {
      "seeds": "2024-06-19 18:01:33 -0500"
    },
    "done": true
  },
  "nethervinery:crested_warped_planks": {
    "criteria": {
      "has_the_recipe": "2024-06-19 18:01:33 -0500"
    },
    "done": true
  },
  "create:root": {
    "criteria": {
      "0": "2024-06-19 18:01:33 -0500"
    },
    "done": true
  },
  "beachparty:hammock": {
    "criteria": {
      "has_the_recipe": "2024-06-19 18:01:33 -0500"
    },
    "done": true
  },
  "naturescompass:natures_compass_log": {
    "criteria": {
      "has_recipe": "2024-06-19 18:01:33 -0500"
    },
    "done": true
  },
  "nethervinery:warped_apple_press": {
    "criteria": {
      "has_the_recipe": "2024-06-19 18:01:33 -0500"
    },
    "done": true
  },
  "nethervinery:crimson_wine_rack_small": {
    "criteria": {
      "has_the_recipe": "2024-06-19 18:01:33 -0500"
    },
    "done": true
  },
  "biomesoplenty:biomesoplenty/root": {
    "criteria": {
      "rainforest": "2024-06-19 18:02:28 -0500"
    },
    "done": true
  },
  "nethervinery:warped_fermentation_barrel": {
    "criteria": {
      "has_the_recipe": "2024-06-19 18:01:33 -0500"
    },
    "done": true
  },
  "beachparty:table": {
    "criteria": {
      "has_the_recipe": "2024-06-19 18:01:33 -0500"
    },
    "done": true
  },
  "beachparty:cabinet": {
    "criteria": {
      "has_the_recipe": "2024-06-19 18:01:33 -0500"
    },
    "done": true
  },
  "bakery:main/root": {
    "criteria": {
      "seeds": "2024-06-19 18:01:33 -0500"
    },
    "done": true
  },
  "ironfurnaces:coal": {
    "criteria": {
      "rainbowcoal": "2024-06-19 18:01:33 -0500"
    },
    "done": true
  },
  "brewery:main/root": {
    "criteria": {
      "seeds": "2024-06-19 18:01:33 -0500"
    },
    "done": true
  },
  "beachparty:palm_floorboard": {
    "criteria": {
      "has_the_recipe": "2024-06-19 18:01:33 -0500"
    },
    "done": true
  },
  "nethervinery:crimson_grape_crate": {
    "criteria": {
      "has_the_recipe": "2024-06-19 18:01:33 -0500"
    },
    "done": true
  },
  "beachparty:radio": {
    "criteria": {
      "has_the_recipe": "2024-06-19 18:01:33 -0500"
    },
    "done": true
  },
  "beachparty:palm_planks": {
    "criteria": {
      "has_the_recipe": "2024-06-19 18:01:33 -0500"
    },
    "done": true
  },
  "naturescompass:natures_compass": {
    "criteria": {
      "has_recipe": "2024-06-19 18:01:33 -0500"
    },
    "done": true
  },
  "naturescompass:natures_compass_sapling": {
    "criteria": {
      "has_recipe": "2024-06-19 18:01:33 -0500"
    },
    "done": true
  },
  "beachparty:palm_stairs": {
    "criteria": {
      "has_the_recipe": "2024-06-19 18:01:33 -0500"
    },
    "done": true
  },
  "beachparty:tiki_chair": {
    "criteria": {
      "has_the_recipe": "2024-06-19 18:01:33 -0500"
    },
    "done": true
  },
  "biomesoplenty:biomesoplenty/all_biomes": {
    "criteria": {
      "rainforest": "2024-06-19 18:02:28 -0500"
    },
    "done": false
  },
  "beachparty:palm_boat": {
    "criteria": {
      "has_the_recipe": "2024-06-19 18:01:33 -0500"
    },
    "done": true
  },
  "nethervinery:improved_nether_fizz": {
    "criteria": {
      "has_the_recipe": "2024-06-19 18:01:33 -0500"
    },
    "done": true
  },
  "nethervinery:crimson_grape_seeds": {
    "criteria": {
      "has_the_recipe": "2024-06-19 18:01:33 -0500"
    },
    "done": true
  },
  "overworld_netherite_ore:overworld_netherite": {
    "criteria": {
      "overworld_netherite_0": "2024-06-19 18:02:04 -0500"
    },
    "done": true
  },
  "nethervinery:warped_grape_crate": {
    "criteria": {
      "has_the_recipe": "2024-06-19 18:01:33 -0500"
    },
    "done": true
  },
  "mowziesmobs:root": {
    "criteria": {
      "custom_test_name": "2024-06-19 18:02:04 -0500"
    },
    "done": true
  },
  "nethervinery:reinforced_crimson_planks": {
    "criteria": {
      "has_the_recipe": "2024-06-19 18:01:33 -0500"
    },
    "done": true
  },
  "beachparty:beach_chair": {
    "criteria": {
      "has_the_recipe": "2024-06-19 18:01:33 -0500"
    },
    "done": true
  },
  "nethervinery:crimson_fermentation_barrel": {
    "criteria": {
      "has_the_recipe": "2024-06-19 18:01:33 -0500"
    },
    "done": true
  },
  "lootr:root": {
    "criteria": {
      "always_true": "2024-06-19 18:02:04 -0500"
    },
    "done": true
  },
  "nethervinery:warped_nether_bag": {
    "criteria": {
      "has_the_recipe": "2024-06-19 18:01:33 -0500"
    },
    "done": true
  },
  "beachparty:palm_slab": {
    "criteria": {
      "has_the_recipe": "2024-06-19 18:01:33 -0500"
    },
    "done": true
  },
  "nethervinery:crimson_grapevine_pot": {
    "criteria": {
      "has_the_recipe": "2024-06-19 18:01:33 -0500"
    },
    "done": true
  },
  "beachparty:palm_fence_gate": {
    "criteria": {
      "has_the_recipe": "2024-06-19 18:01:33 -0500"
    },
    "done": true
  },
  "beachparty:palm_trapdoor": {
    "criteria": {
      "has_the_recipe": "2024-06-19 18:01:33 -0500"
    },
    "done": true
  },
  "eeeabsmobs:eeeabsmobs/root": {
    "criteria": {
      "requirement": "2024-06-19 18:02:04 -0500"
    },
    "done": true
  },
  "beachparty:palm_fence": {
    "criteria": {
      "has_the_recipe": "2024-06-19 18:01:33 -0500"
    },
    "done": true
  },
  "herbalbrews:main/root": {
    "criteria": {
      "seeds": "2024-06-19 18:01:33 -0500"
    },
    "done": true
  },
  "mna:root": {
    "criteria": {
      "get_vinteum": "2024-06-19 18:01:33 -0500"
    },
    "done": true
  },
  "beachparty:palm_button": {
    "criteria": {
      "has_the_recipe": "2024-06-19 18:01:33 -0500"
    },
    "done": true
  },
  "beachparty:palm_tall_torch": {
    "criteria": {
      "has_the_recipe": "2024-06-19 18:01:33 -0500"
    },
    "done": true
  },
  "nethervinery:improved_lava_fizz": {
    "criteria": {
      "has_the_recipe": "2024-06-19 18:01:33 -0500"
    },
    "done": true
  },
  "beachparty:palm_wood": {
    "criteria": {
      "has_the_recipe": "2024-06-19 18:01:33 -0500"
    },
    "done": true
  },
  "tombstone:adventure/root": {
    "criteria": {
      "auto": "2024-06-19 18:02:28 -0500"
    },
    "done": true
  },
  "cataclysm:root": {
    "criteria": {
      "custom_test_name": "2024-06-19 18:02:04 -0500"
    },
    "done": true
  },
  "candlelight:main/root": {
    "criteria": {
      "seeds": "2024-06-19 18:01:33 -0500"
    },
    "done": true
  },
  "beachparty:beach_towel": {
    "criteria": {
      "has_the_recipe": "2024-06-19 18:01:33 -0500"
    },
    "done": true
  },
  "beachparty:lounge_chair": {
    "criteria": {
      "has_the_recipe": "2024-06-19 18:01:33 -0500"
    },
    "done": true
  },
  "nethervinery:reinforced_warped_planks": {
    "criteria": {
      "has_the_recipe": "2024-06-19 18:01:33 -0500"
    },
    "done": true
  },
  "nethervinery:crimson_wine_rack_mid": {
    "criteria": {
      "has_the_recipe": "2024-06-19 18:01:33 -0500"
    },
    "done": true
  },
  "vinery:main/root": {
    "criteria": {
      "seeds": "2024-06-19 18:01:33 -0500"
    },
    "done": true
  },
  "DataVersion": 3465
}